week,match_date,home_team,away_team,home_goals,away_goals
1,1974-08-17,Birmingham City,Middlesbrough,0,3
1,1974-08-17,Burnley,Wolverhampton Wanderers,1,2
1,1974-08-17,Chelsea,Carlisle United,0,2
1,1974-08-17,Everton,Derby County,0,0
1,1974-08-17,Leicester City,Arsenal,0,1
1,1974-08-17,Luton Town,Liverpool,1,2
1,1974-08-17,Manchester City,West Ham United,4,0
1,1974-08-17,Newcastle United,Coventry City,3,2
1,1974-08-17,Sheffield United,Queens Park Rangers,1,1
1,1974-08-17,Stoke City,Leeds United,3,0
1,1974-08-17,Tottenham Hotspur,Ipswich Town,0,1
1,1974-08-19,West Ham United,Luton Town,2,0
1,1974-08-20,Arsenal,Ipswich Town,0,1
1,1974-08-20,Birmingham City,Leicester City,3,4
1,1974-08-20,Everton,Stoke City,2,1
1,1974-08-20,Middlesbrough,Carlisle United,0,2
1,1974-08-20,Wolverhampton Wanderers,Liverpool,0,0
1,1974-08-21,Chelsea,Burnley,3,3
1,1974-08-21,Derby County,Coventry City,1,1
1,1974-08-21,Leeds United,Queens Park Rangers,0,1
1,1974-08-21,Manchester City,Tottenham Hotspur,1,0
1,1974-08-21,Newcastle United,Sheffield United,2,2
2,1974-08-24,Arsenal,Manchester City,4,0
2,1974-08-24,Carlisle United,Tottenham Hotspur,1,0
2,1974-08-24,Coventry City,Chelsea,1,3
2,1974-08-24,Derby County,Sheffield United,2,0
2,1974-08-24,Ipswich Town,Burnley,2,0
2,1974-08-24,Leeds United,Birmingham City,1,0
2,1974-08-24,Liverpool,Leicester City,2,1
2,1974-08-24,Middlesbrough,Luton Town,1,1
2,1974-08-24,Queens Park Rangers,Stoke City,0,1
2,1974-08-24,West Ham United,Everton,2,3
2,1974-08-24,Wolverhampton Wanderers,Newcastle United,4,2
2,1974-08-27,Burnley,Chelsea,1,2
2,1974-08-27,Carlisle United,Middlesbrough,0,1
2,1974-08-27,Coventry City,Derby County,1,1
2,1974-08-27,Ipswich Town,Arsenal,3,0
2,1974-08-27,Liverpool,Wolverhampton Wanderers,2,0
2,1974-08-27,Queens Park Rangers,Leeds United,1,1
2,1974-08-27,Sheffield United,Newcastle United,2,1
2,1974-08-28,Leicester City,Birmingham City,1,1
2,1974-08-28,Luton Town,West Ham United,0,0
2,1974-08-28,Stoke City,Everton,1,1
2,1974-08-28,Tottenham Hotspur,Manchester City,1,2
3,1974-08-31,Birmingham City,Wolverhampton Wanderers,1,1
3,1974-08-31,Burnley,Coventry City,3,0
3,1974-08-31,Chelsea,Liverpool,0,3
3,1974-08-31,Everton,Arsenal,2,1
3,1974-08-31,Leicester City,Carlisle United,1,1
3,1974-08-31,Luton Town,Queens Park Rangers,1,1
3,1974-08-31,Manchester City,Leeds United,2,1
3,1974-08-31,Newcastle United,West Ham United,2,0
3,1974-08-31,Sheffield United,Ipswich Town,3,1
3,1974-08-31,Stoke City,Middlesbrough,1,1
3,1974-08-31,Tottenham Hotspur,Derby County,2,0
4,1974-09-07,Arsenal,Burnley,0,1
4,1974-09-07,Carlisle United,Stoke City,0,2
4,1974-09-07,Coventry City,Manchester City,2,2
4,1974-09-07,Derby County,Newcastle United,2,2
4,1974-09-07,Ipswich Town,Everton,1,0
4,1974-09-07,Leeds United,Luton Town,1,1
4,1974-09-07,Liverpool,Tottenham Hotspur,5,2
4,1974-09-07,Middlesbrough,Chelsea,1,1
4,1974-09-07,Queens Park Rangers,Birmingham City,0,1
4,1974-09-07,West Ham United,Sheffield United,1,2
4,1974-09-07,Wolverhampton Wanderers,Leicester City,1,1
5,1974-09-14,Birmingham City,Derby County,3,2
5,1974-09-14,Burnley,Leeds United,2,1
5,1974-09-14,Chelsea,Arsenal,0,0
5,1974-09-14,Everton,Wolverhampton Wanderers,0,0
5,1974-09-14,Leicester City,Queens Park Rangers,3,1
5,1974-09-14,Luton Town,Ipswich Town,1,4
5,1974-09-14,Manchester City,Liverpool,2,0
5,1974-09-14,Newcastle United,Carlisle United,1,0
5,1974-09-14,Sheffield United,Middlesbrough,1,0
5,1974-09-14,Stoke City,Coventry City,2,0
5,1974-09-14,Tottenham Hotspur,West Ham United,2,1
6,1974-09-21,Arsenal,Luton Town,2,2
6,1974-09-21,Carlisle United,Birmingham City,1,0
6,1974-09-21,Coventry City,Everton,1,1
6,1974-09-21,Derby County,Burnley,3,2
6,1974-09-21,Ipswich Town,Chelsea,2,0
6,1974-09-21,Leeds United,Sheffield United,5,1
6,1974-09-21,Liverpool,Stoke City,3,0
6,1974-09-21,Middlesbrough,Manchester City,3,0
6,1974-09-21,Queens Park Rangers,Newcastle United,1,2
6,1974-09-21,West Ham United,Leicester City,6,2
6,1974-09-21,Wolverhampton Wanderers,Tottenham Hotspur,2,3
6,1974-09-24,Carlisle United,Manchester City,0,0
6,1974-09-24,Coventry City,Luton Town,2,1
6,1974-09-24,Ipswich Town,Stoke City,3,1
6,1974-09-24,Liverpool,Burnley,0,1
6,1974-09-24,Queens Park Rangers,Everton,2,2
6,1974-09-24,Wolverhampton Wanderers,Sheffield United,1,1
6,1974-09-25,Derby County,Chelsea,4,1
6,1974-09-25,West Ham United,Birmingham City,3,0
7,1974-09-28,Birmingham City,Arsenal,3,1
7,1974-09-28,Burnley,West Ham United,3,5
7,1974-09-28,Chelsea,Wolverhampton Wanderers,0,1
7,1974-09-28,Everton,Leeds United,3,2
7,1974-09-28,Leicester City,Coventry City,0,1
7,1974-09-28,Luton Town,Carlisle United,3,1
7,1974-09-28,Manchester City,Queens Park Rangers,1,0
7,1974-09-28,Newcastle United,Ipswich Town,1,0
7,1974-09-28,Sheffield United,Liverpool,1,0
7,1974-09-28,Stoke City,Derby County,1,1
7,1974-09-28,Tottenham Hotspur,Middlesbrough,1,2
8,1974-10-05,Birmingham City,Coventry City,1,2
8,1974-10-05,Carlisle United,Liverpool,0,1
8,1974-10-05,Everton,Newcastle United,1,1
8,1974-10-05,Leeds United,Arsenal,2,0
8,1974-10-05,Leicester City,Luton Town,0,0
8,1974-10-05,Manchester City,Chelsea,1,1
8,1974-10-05,Middlesbrough,Wolverhampton Wanderers,2,1
8,1974-10-05,Queens Park Rangers,Ipswich Town,1,0
8,1974-10-05,Stoke City,Sheffield United,3,2
8,1974-10-05,Tottenham Hotspur,Burnley,2,3
8,1974-10-05,West Ham United,Derby County,2,2
9,1974-10-12,Arsenal,Queens Park Rangers,2,2
9,1974-10-12,Burnley,Manchester City,2,1
9,1974-10-12,Chelsea,Tottenham Hotspur,1,0
9,1974-10-12,Coventry City,West Ham United,1,1
9,1974-10-12,Derby County,Leicester City,1,0
9,1974-10-12,Ipswich Town,Leeds United,0,0
9,1974-10-12,Liverpool,Middlesbrough,2,0
9,1974-10-12,Luton Town,Birmingham City,1,3
9,1974-10-12,Newcastle United,Stoke City,2,2
9,1974-10-12,Sheffield United,Everton,2,2
9,1974-10-12,Wolverhampton Wanderers,Carlisle United,2,0
9,1974-10-15,Birmingham City,Leeds United,1,0
9,1974-10-15,Burnley,Ipswich Town,1,0
9,1974-10-15,Everton,West Ham United,1,1
9,1974-10-15,Sheffield United,Derby County,1,2
9,1974-10-16,Luton Town,Middlesbrough,0,1
9,1974-10-16,Manchester City,Arsenal,2,1
9,1974-10-16,Newcastle United,Wolverhampton Wanderers,0,0
9,1974-10-16,Tottenham Hotspur,Carlisle United,1,1
10,1974-10-19,Birmingham City,Newcastle United,3,0
10,1974-10-19,Carlisle United,Derby County,3,0
10,1974-10-19,Everton,Chelsea,1,1
10,1974-10-19,Leeds United,Wolverhampton Wanderers,2,0
10,1974-10-19,Leicester City,Sheffield United,3,0
10,1974-10-19,Manchester City,Luton Town,1,0
10,1974-10-19,Middlesbrough,Coventry City,4,4
10,1974-10-19,Queens Park Rangers,Liverpool,0,1
10,1974-10-19,Stoke City,Burnley,2,0
10,1974-10-19,Tottenham Hotspur,Arsenal,2,0
10,1974-10-19,West Ham United,Ipswich Town,1,0
11,1974-10-26,Arsenal,West Ham United,3,0
11,1974-10-26,Burnley,Everton,1,1
11,1974-10-26,Chelsea,Stoke City,3,3
11,1974-10-26,Coventry City,Carlisle United,2,1
11,1974-10-26,Derby County,Middlesbrough,2,3
11,1974-10-26,Ipswich Town,Manchester City,1,1
11,1974-10-26,Liverpool,Leeds United,1,0
11,1974-10-26,Luton Town,Tottenham Hotspur,1,1
11,1974-10-26,Newcastle United,Leicester City,0,1
11,1974-10-26,Sheffield United,Birmingham City,3,2
11,1974-10-26,Wolverhampton Wanderers,Queens Park Rangers,1,2
12,1974-11-02,Arsenal,Wolverhampton Wanderers,0,0
12,1974-11-02,Birmingham City,Chelsea,2,0
12,1974-11-02,Everton,Manchester City,2,0
12,1974-11-02,Ipswich Town,Liverpool,1,0
12,1974-11-02,Leeds United,Derby County,0,1
12,1974-11-02,Leicester City,Burnley,1,0
12,1974-11-02,Newcastle United,Luton Town,1,0
12,1974-11-02,Queens Park Rangers,Coventry City,2,0
12,1974-11-02,Sheffield United,Carlisle United,2,1
12,1974-11-02,Stoke City,Tottenham Hotspur,2,2
12,1974-11-02,West Ham United,Middlesbrough,3,0
13,1974-11-09,Burnley,Birmingham City,2,2
13,1974-11-09,Carlisle United,West Ham United,0,1
13,1974-11-09,Chelsea,Leicester City,0,0
13,1974-11-09,Coventry City,Leeds United,1,3
13,1974-11-09,Derby County,Queens Park Rangers,5,2
13,1974-11-09,Liverpool,Arsenal,1,3
13,1974-11-09,Luton Town,Sheffield United,0,1
13,1974-11-09,Manchester City,Stoke City,1,0
13,1974-11-09,Middlesbrough,Newcastle United,0,0
13,1974-11-09,Tottenham Hotspur,Everton,1,1
13,1974-11-09,Wolverhampton Wanderers,Ipswich Town,2,1
13,1974-11-13,Chelsea,Coventry City,3,3
14,1974-11-16,Arsenal,Derby County,3,1
14,1974-11-16,Birmingham City,Manchester City,4,0
14,1974-11-16,Everton,Liverpool,0,0
14,1974-11-16,Ipswich Town,Coventry City,4,0
14,1974-11-16,Leeds United,Middlesbrough,2,2
14,1974-11-16,Leicester City,Tottenham Hotspur,1,2
14,1974-11-16,Newcastle United,Chelsea,5,0
14,1974-11-16,Queens Park Rangers,Carlisle United,2,1
14,1974-11-16,Sheffield United,Burnley,2,2
14,1974-11-16,Stoke City,Luton Town,4,2
14,1974-11-16,West Ham United,Wolverhampton Wanderers,5,2
15,1974-11-23,Burnley,Newcastle United,4,1
15,1974-11-23,Carlisle United,Leeds United,1,2
15,1974-11-23,Coventry City,Arsenal,3,0
15,1974-11-23,Derby County,Ipswich Town,2,0
15,1974-11-23,Liverpool,West Ham United,1,1
15,1974-11-23,Manchester City,Leicester City,4,1
15,1974-11-23,Middlesbrough,Queens Park Rangers,1,3
15,1974-11-23,Tottenham Hotspur,Birmingham City,0,0
15,1974-11-23,Wolverhampton Wanderers,Stoke City,2,2
15,1974-11-27,Stoke City,Queens Park Rangers,1,0
16,1974-11-30,Arsenal,Middlesbrough,2,0
16,1974-11-30,Coventry City,Liverpool,1,1
16,1974-11-30,Everton,Birmingham City,4,1
16,1974-11-30,Ipswich Town,Carlisle United,3,1
16,1974-11-30,Leeds United,Chelsea,2,0
16,1974-11-30,Luton Town,Burnley,2,3
16,1974-11-30,Newcastle United,Manchester City,2,1
16,1974-11-30,Queens Park Rangers,West Ham United,0,2
16,1974-11-30,Sheffield United,Tottenham Hotspur,0,1
16,1974-11-30,Stoke City,Leicester City,1,0
16,1974-12-04,Leeds United,Tottenham Hotspur,2,1
17,1974-12-07,Birmingham City,Stoke City,0,3
17,1974-12-07,Burnley,Queens Park Rangers,3,0
17,1974-12-07,Carlisle United,Arsenal,2,1
17,1974-12-07,Chelsea,Luton Town,2,0
17,1974-12-07,Leicester City,Everton,0,2
17,1974-12-07,Liverpool,Derby County,2,2
17,1974-12-07,Manchester City,Sheffield United,3,2
17,1974-12-07,Middlesbrough,Ipswich Town,3,0
17,1974-12-07,Tottenham Hotspur,Newcastle United,3,0
17,1974-12-07,West Ham United,Leeds United,2,1
17,1974-12-07,Wolverhampton Wanderers,Coventry City,2,0
17,1974-12-10,Middlesbrough,Leicester City,3,0
18,1974-12-14,Arsenal,Leicester City,0,0
18,1974-12-14,Carlisle United,Chelsea,1,2
18,1974-12-14,Coventry City,Newcastle United,2,0
18,1974-12-14,Derby County,Everton,0,1
18,1974-12-14,Ipswich Town,Tottenham Hotspur,4,0
18,1974-12-14,Leeds United,Stoke City,3,1
18,1974-12-14,Liverpool,Luton Town,2,0
18,1974-12-14,Middlesbrough,Birmingham City,3,0
18,1974-12-14,Queens Park Rangers,Sheffield United,1,0
18,1974-12-14,West Ham United,Manchester City,0,0
18,1974-12-14,Wolverhampton Wanderers,Burnley,4,2
18,1974-12-20,Leicester City,Ipswich Town,0,1
18,1974-12-20,Sheffield United,Coventry City,1,0
19,1974-12-21,Birmingham City,Liverpool,3,1
19,1974-12-21,Burnley,Middlesbrough,1,1
19,1974-12-21,Chelsea,West Ham United,1,1
19,1974-12-21,Everton,Carlisle United,2,3
19,1974-12-21,Luton Town,Derby County,1,0
19,1974-12-21,Manchester City,Wolverhampton Wanderers,0,0
19,1974-12-21,Newcastle United,Leeds United,3,0
19,1974-12-21,Stoke City,Arsenal,0,2
19,1974-12-21,Tottenham Hotspur,Queens Park Rangers,1,2
19,1974-12-26,Arsenal,Chelsea,1,2
19,1974-12-26,Carlisle United,Newcastle United,1,2
19,1974-12-26,Coventry City,Stoke City,2,0
19,1974-12-26,Derby County,Birmingham City,2,1
19,1974-12-26,Ipswich Town,Luton Town,0,1
19,1974-12-26,Leeds United,Burnley,2,2
19,1974-12-26,Liverpool,Manchester City,4,1
19,1974-12-26,Middlesbrough,Sheffield United,1,0
19,1974-12-26,Queens Park Rangers,Leicester City,4,2
19,1974-12-26,West Ham United,Tottenham Hotspur,1,1
19,1974-12-26,Wolverhampton Wanderers,Everton,2,0
20,1974-12-28,Birmingham City,Ipswich Town,0,1
20,1974-12-28,Burnley,Carlisle United,2,1
20,1974-12-28,Chelsea,Queens Park Rangers,0,3
20,1974-12-28,Everton,Middlesbrough,1,1
20,1974-12-28,Leicester City,Leeds United,0,2
20,1974-12-28,Luton Town,Wolverhampton Wanderers,3,2
20,1974-12-28,Manchester City,Derby County,1,2
20,1974-12-28,Sheffield United,Arsenal,1,1
20,1974-12-28,Stoke City,West Ham United,2,1
20,1974-12-28,Tottenham Hotspur,Coventry City,1,1
22,1975-01-11,Arsenal,Carlisle United,2,1
22,1975-01-11,Coventry City,Wolverhampton Wanderers,2,1
22,1975-01-11,Derby County,Liverpool,2,0
22,1975-01-11,Everton,Leicester City,3,0
22,1975-01-11,Ipswich Town,Middlesbrough,2,0
22,1975-01-11,Leeds United,West Ham United,2,1
22,1975-01-11,Luton Town,Chelsea,1,1
22,1975-01-11,Newcastle United,Tottenham Hotspur,2,5
22,1975-01-11,Queens Park Rangers,Burnley,0,1
22,1975-01-11,Sheffield United,Manchester City,1,1
22,1975-01-11,Stoke City,Birmingham City,0,0
23,1975-01-18,Birmingham City,Everton,0,3
23,1975-01-18,Burnley,Luton Town,1,0
23,1975-01-18,Carlisle United,Ipswich Town,2,1
23,1975-01-18,Chelsea,Leeds United,0,2
23,1975-01-18,Leicester City,Stoke City,1,1
23,1975-01-18,Liverpool,Coventry City,2,1
23,1975-01-18,Manchester City,Newcastle United,5,1
23,1975-01-18,Middlesbrough,Arsenal,0,0
23,1975-01-18,Tottenham Hotspur,Sheffield United,1,3
23,1975-01-18,West Ham United,Queens Park Rangers,2,2
23,1975-01-18,Wolverhampton Wanderers,Derby County,0,1
25,1975-02-01,Arsenal,Liverpool,2,0
25,1975-02-01,Birmingham City,Burnley,1,1
25,1975-02-01,Everton,Tottenham Hotspur,1,0
25,1975-02-01,Ipswich Town,Wolverhampton Wanderers,2,0
25,1975-02-01,Leeds United,Coventry City,0,0
25,1975-02-01,Leicester City,Chelsea,1,1
25,1975-02-01,Newcastle United,Middlesbrough,2,1
25,1975-02-01,Queens Park Rangers,Derby County,4,1
25,1975-02-01,Sheffield United,Luton Town,1,1
25,1975-02-01,Stoke City,Manchester City,4,0
25,1975-02-01,West Ham United,Carlisle United,2,0
26,1975-02-08,Burnley,Leicester City,2,0
26,1975-02-08,Carlisle United,Sheffield United,0,1
26,1975-02-08,Chelsea,Birmingham City,2,1
26,1975-02-08,Coventry City,Queens Park Rangers,1,1
26,1975-02-08,Derby County,Leeds United,0,0
26,1975-02-08,Liverpool,Ipswich Town,5,2
26,1975-02-08,Luton Town,Newcastle United,1,0
26,1975-02-08,Manchester City,Everton,2,1
26,1975-02-08,Middlesbrough,West Ham United,0,0
26,1975-02-08,Tottenham Hotspur,Stoke City,0,2
26,1975-02-08,Wolverhampton Wanderers,Arsenal,1,0
26,1975-02-12,Newcastle United,Liverpool,4,1
27,1975-02-15,Coventry City,Tottenham Hotspur,1,1
27,1975-02-15,Newcastle United,Burnley,3,0
27,1975-02-15,Sheffield United,Chelsea,2,1
27,1975-02-15,Stoke City,Wolverhampton Wanderers,2,2
27,1975-02-18,Birmingham City,Tottenham Hotspur,1,0
27,1975-02-19,West Ham United,Liverpool,0,0
28,1975-02-22,Burnley,Sheffield United,2,1
28,1975-02-22,Carlisle United,Queens Park Rangers,1,2
28,1975-02-22,Chelsea,Newcastle United,3,2
28,1975-02-22,Coventry City,Ipswich Town,3,1
28,1975-02-22,Derby County,Arsenal,2,1
28,1975-02-22,Liverpool,Everton,0,0
28,1975-02-22,Luton Town,Stoke City,0,0
28,1975-02-22,Manchester City,Birmingham City,3,1
28,1975-02-22,Middlesbrough,Leeds United,0,1
28,1975-02-22,Tottenham Hotspur,Leicester City,0,3
28,1975-02-22,Wolverhampton Wanderers,West Ham United,3,1
28,1975-02-25,Everton,Luton Town,3,1
28,1975-02-25,Ipswich Town,Derby County,3,0
28,1975-02-25,Leeds United,Carlisle United,3,1
28,1975-02-25,Queens Park Rangers,Middlesbrough,0,0
28,1975-02-28,West Ham United,Newcastle United,0,1
29,1975-03-01,Arsenal,Everton,0,2
29,1975-03-01,Carlisle United,Leicester City,0,1
29,1975-03-01,Coventry City,Burnley,0,3
29,1975-03-01,Derby County,Tottenham Hotspur,3,1
29,1975-03-01,Ipswich Town,Sheffield United,0,1
29,1975-03-01,Leeds United,Manchester City,2,2
29,1975-03-01,Liverpool,Chelsea,2,2
29,1975-03-01,Middlesbrough,Stoke City,2,0
29,1975-03-01,Queens Park Rangers,Luton Town,2,1
29,1975-03-01,Wolverhampton Wanderers,Birmingham City,0,1
30,1975-03-08,Burnley,Liverpool,1,1
30,1975-03-08,Chelsea,Derby County,1,2
30,1975-03-08,Everton,Queens Park Rangers,2,1
30,1975-03-08,Leicester City,Manchester City,1,0
30,1975-03-08,Luton Town,Coventry City,1,3
30,1975-03-08,Sheffield United,Wolverhampton Wanderers,1,0
31,1975-03-15,Arsenal,Birmingham City,1,1
31,1975-03-15,Carlisle United,Luton Town,1,2
31,1975-03-15,Coventry City,Leicester City,2,2
31,1975-03-15,Derby County,Stoke City,1,2
31,1975-03-15,Ipswich Town,Newcastle United,5,4
31,1975-03-15,Leeds United,Everton,0,0
31,1975-03-15,Liverpool,Sheffield United,0,0
31,1975-03-15,Middlesbrough,Tottenham Hotspur,3,0
31,1975-03-15,Queens Park Rangers,Manchester City,2,0
31,1975-03-15,West Ham United,Burnley,2,1
31,1975-03-15,Wolverhampton Wanderers,Chelsea,7,1
31,1975-03-18,Arsenal,Newcastle United,3,0
31,1975-03-18,Birmingham City,West Ham United,1,1
31,1975-03-18,Middlesbrough,Everton,2,0
31,1975-03-18,Queens Park Rangers,Chelsea,1,0
31,1975-03-18,Stoke City,Ipswich Town,1,2
31,1975-03-19,Leicester City,Liverpool,1,1
31,1975-03-19,Manchester City,Carlisle United,1,2
32,1975-03-22,Birmingham City,Queens Park Rangers,4,1
32,1975-03-22,Burnley,Arsenal,3,3
32,1975-03-22,Chelsea,Middlesbrough,1,2
32,1975-03-22,Everton,Ipswich Town,1,1
32,1975-03-22,Leicester City,Wolverhampton Wanderers,3,2
32,1975-03-22,Luton Town,Leeds United,2,1
32,1975-03-22,Manchester City,Coventry City,1,0
32,1975-03-22,Newcastle United,Derby County,0,2
32,1975-03-22,Sheffield United,West Ham United,3,2
32,1975-03-22,Stoke City,Carlisle United,5,2
32,1975-03-22,Tottenham Hotspur,Liverpool,0,2
32,1975-03-25,Birmingham City,Carlisle United,2,0
32,1975-03-25,Liverpool,Newcastle United,4,0
32,1975-03-25,Luton Town,Arsenal,2,0
32,1975-03-28,Coventry City,Sheffield United,2,2
32,1975-03-28,Manchester City,Middlesbrough,2,1
32,1975-03-28,Tottenham Hotspur,Wolverhampton Wanderers,3,0
32,1975-03-28,West Ham United,Stoke City,2,2
33,1975-03-29,Arsenal,Stoke City,1,1
33,1975-03-29,Carlisle United,Everton,3,0
33,1975-03-29,Derby County,Luton Town,5,0
33,1975-03-29,Ipswich Town,Leicester City,2,1
33,1975-03-29,Leeds United,Newcastle United,1,1
33,1975-03-29,Liverpool,Birmingham City,1,0
33,1975-03-29,Middlesbrough,Burnley,2,0
33,1975-03-29,Queens Park Rangers,Tottenham Hotspur,0,1
33,1975-03-29,West Ham United,Chelsea,0,1
33,1975-03-29,Wolverhampton Wanderers,Manchester City,1,0
33,1975-03-31,Arsenal,Sheffield United,1,0
33,1975-03-31,Burnley,Derby County,2,5
33,1975-03-31,Chelsea,Ipswich Town,0,0
33,1975-03-31,Everton,Coventry City,1,0
33,1975-03-31,Leeds United,Leicester City,2,2
33,1975-03-31,Newcastle United,Queens Park Rangers,2,2
33,1975-03-31,Stoke City,Liverpool,2,0
33,1975-03-31,Wolverhampton Wanderers,Luton Town,5,2
33,1975-04-01,Carlisle United,Burnley,4,2
33,1975-04-01,Derby County,Manchester City,2,1
33,1975-04-01,Ipswich Town,Birmingham City,3,2
33,1975-04-01,Leicester City,West Ham United,3,0
33,1975-04-01,Sheffield United,Leeds United,1,1
33,1975-04-04,Everton,Burnley,1,1
34,1975-04-05,Carlisle United,Coventry City,0,0
34,1975-04-05,Leeds United,Liverpool,0,2
34,1975-04-05,Leicester City,Newcastle United,4,0
34,1975-04-05,Middlesbrough,Derby County,1,1
34,1975-04-05,Queens Park Rangers,Wolverhampton Wanderers,2,0
34,1975-04-05,Stoke City,Chelsea,3,0
34,1975-04-05,Tottenham Hotspur,Luton Town,2,1
34,1975-04-08,Arsenal,Coventry City,2,0
34,1975-04-09,Derby County,Wolverhampton Wanderers,1,0
34,1975-04-09,Leicester City,Middlesbrough,1,0
34,1975-04-09,Luton Town,Everton,2,1
35,1975-04-12,Arsenal,Leeds United,1,2
35,1975-04-12,Burnley,Tottenham Hotspur,3,2
35,1975-04-12,Chelsea,Manchester City,0,1
35,1975-04-12,Coventry City,Birmingham City,1,0
35,1975-04-12,Derby County,West Ham United,1,0
35,1975-04-12,Ipswich Town,Queens Park Rangers,2,1
35,1975-04-12,Liverpool,Carlisle United,2,0
35,1975-04-12,Luton Town,Leicester City,3,0
35,1975-04-12,Newcastle United,Everton,0,1
35,1975-04-12,Sheffield United,Stoke City,2,0
35,1975-04-12,Wolverhampton Wanderers,Middlesbrough,2,0
36,1975-04-19,Birmingham City,Luton Town,1,4
36,1975-04-19,Carlisle United,Wolverhampton Wanderers,1,0
36,1975-04-19,Everton,Sheffield United,2,3
36,1975-04-19,Leeds United,Ipswich Town,2,1
36,1975-04-19,Leicester City,Derby County,0,0
36,1975-04-19,Manchester City,Burnley,2,0
36,1975-04-19,Middlesbrough,Liverpool,1,0
36,1975-04-19,Queens Park Rangers,Arsenal,0,0
36,1975-04-19,Stoke City,Newcastle United,0,0
36,1975-04-19,Tottenham Hotspur,Chelsea,2,0
36,1975-04-19,West Ham United,Coventry City,1,2
36,1975-04-23,Chelsea,Sheffield United,1,1
36,1975-04-23,Manchester City,Ipswich Town,1,1
36,1975-04-23,Newcastle United,Arsenal,3,1
37,1975-04-26,Arsenal,Tottenham Hotspur,1,0
37,1975-04-26,Burnley,Stoke City,0,0
37,1975-04-26,Chelsea,Everton,1,1
37,1975-04-26,Coventry City,Middlesbrough,0,2
37,1975-04-26,Derby County,Carlisle United,0,0
37,1975-04-26,Ipswich Town,West Ham United,4,1
37,1975-04-26,Liverpool,Queens Park Rangers,3,1
37,1975-04-26,Luton Town,Manchester City,1,1
37,1975-04-26,Newcastle United,Birmingham City,1,2
37,1975-04-26,Sheffield United,Leicester City,4,0
37,1975-04-26,Wolverhampton Wanderers,Leeds United,1,1
37,1975-04-28,Tottenham Hotspur,Leeds United,4,2
37,1975-04-28,West Ham United,Arsenal,1,0
37,1975-04-29,Birmingham City,Sheffield United,0,0
