position,team,played,won,drawn,lost,goals_for,goals_against,goal_average,goal_difference,points
1,Liverpool,13,9,1,3,21,8,2.625,13,19
2,Manchester City,14,8,3,3,19,15,1.2666666666666666,4,19
3,Ipswich Town,14,8,1,5,18,9,2.0,9,17
4,Everton,14,4,9,1,19,16,1.1875,3,17
5,Middlesbrough,13,6,4,3,19,14,1.3571428571428572,5,16
6,Stoke City,13,6,4,3,20,15,1.3333333333333333,5,16
7,Derby County,14,5,6,3,21,19,1.105263157894737,2,16
8,Burnley,14,7,1,6,23,23,1.0,0,15
8,Newcastle United,13,5,5,3,19,19,1.0,0,15
10,West Ham United,14,5,4,5,25,22,1.1363636363636365,3,14
11,Birmingham City,14,6,2,6,20,20,1.0,0,14
11,Wolverhampton Wanderers,14,4,6,4,15,15,1.0,0,14
13,Sheffield United,14,5,4,5,19,24,0.7916666666666666,-5,14
14,Carlisle United,14,5,3,6,12,12,1.0,0,13
15,Coventry City,13,3,6,4,18,23,0.782608695652174,-5,12
16,Leeds United,13,4,3,6,16,15,1.0666666666666667,1,11
17,Chelsea,13,3,5,5,13,20,0.65,-7,11
18,Leicester City,12,3,4,5,16,18,0.8888888888888888,-2,10
19,Tottenham Hotspur,13,4,1,8,16,20,0.8,-4,9
20,Queens Park Rangers,13,2,5,6,11,16,0.6875,-5,9
21,Luton Town,14,1,6,7,12,21,0.5714285714285714,-9,8
22,Arsenal,13,2,3,8,12,20,0.6,-8,7
